[
  {
    "surah": 1,
    "ayah": 1,
    "text": "بِسْمِ اللَّهِ الرَّحْمَٰنِ الرَّحِيمِ",
    "tafsir": "This verse opens the Surah by declaring the name of Allah, the Most Merciful, the Most Compassionate."
  },
  {
    "surah": 1,
    "ayah": 2,
    "text": "الْحَمْدُ لِلَّهِ رَبِّ الْعَالَمِينَ",
    "tafsir": "All praise is for Allah, the Lord and Sustainer of all worlds and creatures."
  },
  {
    "surah": 1,
    "ayah": 3,
    "text": "الرَّحْمَٰنِ الرَّحِيمِ",
    "tafsir": "A repetition of Allah's attributes of mercy — the most general and the most specific forms of mercy."
  },
  {
    "surah": 1,
    "ayah": 4,
    "text": "مَالِكِ يَوْمِ الدِّينِ",
    "tafsir": "He is the Sovereign of the Day of Judgment — the day of final accountability."
  },
  {
    "surah": 1,
    "ayah": 5,
    "text": "إِيَّاكَ نَعْبُدُ وَإِيَّاكَ نَسْتَعِينُ",
    "tafsir": "We worship You alone, and seek help only from You — total submission and reliance."
  },
  {
    "surah": 1,
    "ayah": 6,
    "text": "اهْدِنَا الصِّرَاطَ الْمُسْتَقِيمَ",
    "tafsir": "We ask You to guide us to the Straight Path — the path of righteousness."
  },
  {
    "surah": 1,
    "ayah": 7,
    "text": "صِرَاطَ الَّذِينَ أَنْعَمْتَ عَلَيْهِمْ غَيْرِ الْمَغْضُوبِ عَلَيْهِمْ وَلَا الضَّالِّينَ",
    "tafsir": "The path of those who received Your grace — not of those who earned anger, nor those who went astray."
  }
]